"geocodigo","oferta_n","oferta_restaurant","oferta_fastfood","oferta_cafe","pob_zona","oferta_x1000hab"
"13101091004",5,1,0,0,2956,1.6914749661705
"13112071006",0,0,0,0,2274,0
"13120011008",18,6,2,2,3338,5.39245056920312
"13101141003",7,1,1,0,4067,1.72117039586919
"13110031007",9,5,0,0,2062,4.364694471387
"13101161001",5,1,0,0,2637,1.89609404626469
"13112081006",0,0,0,0,3947,0
"13110091001",1,1,0,0,2990,0.334448160535117
"13110181001",5,1,0,0,4197,1.19132713843221
"13110171001",0,0,0,0,4566,0
"13110171002",1,0,1,0,3973,0.251698968034231
"13110171006",0,0,0,0,3797,0
"13110171003",7,0,1,0,3316,2.11097708082027
"13110121002",1,1,0,0,2473,0.404367165386171
"13110161003",10,1,1,0,3905,2.56081946222791
"13110161004",0,0,0,0,3444,0
"13110151004",0,0,0,0,2787,0
"13110151003",5,0,1,0,4320,1.15740740740741
"13112081008",0,0,0,0,3346,0
"13127111004",11,2,0,0,4248,2.5894538606403
"13127071004",0,0,0,0,2024,0
"13127071002",5,1,0,0,3092,1.61707632600259
"13110141006",0,0,0,0,2774,0
"13127081001",4,4,0,0,2817,1.41995030173944
"13112051010",1,1,0,0,4743,0.210837022981235
"13112051011",3,3,0,0,4829,0.621246634914061
"13112041003",0,0,0,0,3963,0
"13119121001",0,0,0,0,4652,0
"13110181003",0,0,0,0,2790,0
"13110061001",14,2,0,0,1837,7.62112139357648
"13110021003",0,0,0,0,799,0
"13110071003",0,0,0,0,2600,0
"13110031005",1,0,1,0,3453,0.289603243556328
"13110071004",1,1,0,0,5439,0.18385732671447
"13110181002",0,0,0,0,2559,0
"13110171005",0,0,0,0,2679,0
"13110211004",0,0,0,0,3585,0
"13122101002",0,0,0,0,3122,0
"13110201004",0,0,0,0,2437,0
"13122101001",0,0,0,0,2812,0
"13112051002",0,0,0,0,3516,0
"13110171004",12,3,1,0,2659,4.51297480255735
"13124071004",0,0,0,0,1467,0
"13101171002",0,0,0,0,3663,0
"13124071005",0,0,0,0,1245,0
"13124081001",0,0,0,0,1017,0
"13101111007",4,4,0,0,1859,2.15169445938677
"13101111009",1,1,0,0,3455,0.289435600578871
"13110101001",2,2,0,0,3193,0.626370184779205
"13101111018",3,2,1,0,2724,1.10132158590308
"13101111005",1,0,1,0,1960,0.510204081632653
"13110051002",1,0,1,0,3793,0.263643553915107
"13110051003",0,0,0,0,2112,0
"13110201005",0,0,0,0,2021,0
"13110161002",17,3,1,0,3911,4.34671439529532
"13110161001",0,0,0,0,2219,0
"13110051004",1,0,1,0,4489,0.222766763198931
"13127081003",4,3,0,1,2692,1.48588410104012
"13101121002",7,7,0,0,1774,3.94588500563698
"13101131008",10,3,1,0,3025,3.30578512396694
"13110051005",0,0,0,0,2436,0
"13110011005",20,4,9,7,3081,6.49139889646219
"13110021002",5,1,0,0,2554,1.95771339075959
"13110061003",0,0,0,0,2532,0
"13110061005",0,0,0,0,2646,0
"13110011002",24,1,3,1,2340,10.2564102564103
"13110061006",11,2,1,0,4230,2.60047281323877
"13112041002",5,1,0,0,5780,0.865051903114187
"13121021001",8,4,0,0,1903,4.20388859695218
"13110011003",5,0,1,0,4000,1.25
"13110051001",0,0,0,0,5232,0
"13110011004",3,1,2,0,1119,2.68096514745308
"13110021001",0,0,0,0,2928,0
"13101021004",14,8,5,1,3279,4.26959438853309
"13110071005",0,0,0,0,5421,0
"13110061002",0,0,0,0,5315,0
"13110061007",0,0,0,0,2751,0
"13110021005",0,0,0,0,2436,0
"13110061004",2,2,0,0,4341,0.46072333563695
"13101031005",5,5,0,0,1791,2.79173646007817
"13110211001",7,3,0,0,3535,1.98019801980198
"13110021006",1,0,1,0,5829,0.171556013038257
"13110061008",1,1,0,0,2766,0.361532899493854
"13110031001",13,4,1,1,3228,4.0272614622057
"13110031006",3,0,3,0,2840,1.05633802816901
"13110031002",1,1,0,0,2897,0.345184673800483
"13110211003",8,1,1,0,4528,1.76678445229682
"13110211002",0,0,0,0,2777,0
"13110081002",0,0,0,0,4300,0
"13110191002",5,0,1,0,2408,2.07641196013289
"13110081001",7,0,7,0,4172,1.67785234899329
"13110031003",0,0,0,0,3332,0
"13110031004",5,2,1,2,3762,1.3290802764487
"13110201003",1,0,1,0,4161,0.240326844508532
"13110191001",0,0,0,0,3466,0
"13110041001",27,6,2,0,4220,6.39810426540284
"13110191003",22,3,2,0,3516,6.25711035267349
"13110191004",1,1,0,0,4769,0.209687565527364
"13110091002",0,0,0,0,3682,0
"13101031006",4,3,1,0,1697,2.35710076605775
"13110091005",0,0,0,0,3925,0
"13110041002",49,10,3,1,3826,12.807109252483
"13110091003",2,2,0,0,2465,0.811359026369168
"13110111005",0,0,0,0,4684,0
"13110101003",11,4,3,0,3709,2.96575896468051
"13110091004",2,1,1,0,3920,0.510204081632653
"13110101002",21,3,3,0,4456,4.71274685816876
"13110101005",1,1,0,0,4111,0.243249817562637
"13110101004",9,4,1,0,2590,3.47490347490347
"13110181004",1,1,0,0,2427,0.412031314379893
"13110111001",8,2,1,0,4651,1.72006020210707
"13110121001",7,3,0,0,3309,2.11544273194319
"13110111006",2,2,0,0,2364,0.846023688663283
"13110151001",5,1,0,0,4731,1.0568590150074
"13110111002",5,1,0,0,2631,1.90041809198024
"13110111007",0,0,0,0,3897,0
"13110151002",5,1,0,0,3199,1.56298843388559
"13110121003",0,0,0,0,3343,0
"13110111003",6,0,1,0,5265,1.13960113960114
"13110151005",0,0,0,0,2114,0
"13110161006",2,1,1,0,2947,0.678656260604004
"13110111004",7,1,0,0,4530,1.54525386313466
"13110161005",0,0,0,0,1855,0
"13110121004",6,1,1,0,3673,1.63354206370814
"13110141007",0,0,0,0,3504,0
"13110141004",0,0,0,0,2761,0
"13110141003",6,2,0,0,3766,1.59320233669676
"13110131001",0,0,0,0,3968,0
"13110141001",0,0,0,0,2455,0
"13110141002",0,0,0,0,3156,0
"13110201002",0,0,0,0,3303,0
"13110141005",0,0,0,0,2868,0
"13110201001",0,0,0,0,1911,0
"13110131002",0,0,0,0,4143,0
"13110131003",6,1,1,0,3900,1.53846153846154
"13110011001",25,3,2,0,4616,5.4159445407279
"13110071002",1,0,1,0,7443,0.134354426978369
"13110021004",3,2,1,0,1833,1.6366612111293
"13110081004",0,0,0,0,3824,0
"13110071001",0,0,0,0,3500,0
"13110081003",0,0,0,0,4074,0
"13112071001",0,0,0,0,3478,0
"13112051007",5,1,0,0,4273,1.170138076293
"13112071005",0,0,0,0,3135,0
"13112071002",0,0,0,0,2983,0
"13112051006",0,0,0,0,3458,0
"13112071003",1,0,1,0,3741,0.267308206361935
"13112051009",0,0,0,0,4508,0
"13112071004",1,0,1,0,3364,0.297265160523187
"13112051008",1,0,0,1,3781,0.264480296217932
"13112051003",1,1,0,0,5088,0.196540880503145
"13112041007",1,0,0,1,5189,0.192715359414145
"13112041001",0,0,0,0,4565,0
"13112041005",1,0,1,0,3207,0.311817898347365
"13112041006",1,1,0,0,3419,0.292483182217023
"13112031002",0,0,0,0,5923,0
"13101121005",8,4,4,0,2095,3.81861575178998
"13112051004",0,0,0,0,10,0
"13112031001",0,0,0,0,3870,0
"13112081009",0,0,0,0,4548,0
"13112031003",2,2,0,0,4964,0.40290088638195
"13112021001",0,0,0,0,5297,0
"13112061001",0,0,0,0,4753,0
"13112061002",0,0,0,0,4888,0
"13127021003",7,1,0,1,3756,1.86368477103301
"13112031004",0,0,0,0,4970,0
"13112021004",0,0,0,0,4582,0
"13112061003",0,0,0,0,3180,0
"13112021002",1,0,1,0,3212,0.311332503113325
"13112031005",0,0,0,0,2851,0
"13112021003",0,0,0,0,3915,0
"13112081004",0,0,0,0,5021,0
"13112081001",0,0,0,0,4513,0
"13112081007",5,1,0,0,3188,1.56838143036386
"13112081002",0,0,0,0,4548,0
"13112081005",0,0,0,0,3933,0
"13112011001",0,0,0,0,2127,0
"13112081003",0,0,0,0,555,0
"13112051005",1,0,1,0,2249,0.444642063139173
"13112011003",0,0,0,0,185,0
"13122101004",0,0,0,0,3320,0
"13112011002",0,0,0,0,2424,0
"13112041004",1,0,1,0,310,3.2258064516129
"13112051001",0,0,0,0,3502,0
"13122091003",1,0,0,1,3094,0.323206205559147
"13122011001",14,4,0,0,1494,9.37081659973226
"13122011002",7,1,0,0,3857,1.81488203266788
"13122071003",0,0,0,0,4627,0
"13122021001",0,0,0,0,2347,0
"13122011003",3,3,0,0,5131,0.584681348664978
"13122011004",11,2,0,0,4136,2.65957446808511
"13122071001",0,0,0,0,2478,0
"13122081001",10,4,1,0,3381,2.95770482105886
"13122081002",6,1,0,0,4860,1.23456790123457
"13122091004",2,2,0,0,2925,0.683760683760684
"13122091002",1,1,0,0,4432,0.225631768953069
"13122071002",0,0,0,0,2852,0
"13122021002",0,0,0,0,4494,0
"13122071004",0,0,0,0,4054,0
"13122071005",1,1,0,0,2982,0.335345405767941
"13122021003",7,3,0,0,3250,2.15384615384615
"13122061001",6,2,0,0,6252,0.959692898272553
"13122021004",0,0,0,0,4087,0
"13122061002",5,1,0,0,4426,1.12968820605513
"13122081004",1,1,0,0,3882,0.257599175682638
"13122081003",0,0,0,0,4566,0
"13122061003",0,0,0,0,4400,0
"13122091001",1,0,1,0,5587,0.178986933953821
"13122031002",11,2,7,2,4709,2.33595243151412
"13122031003",0,0,0,0,6435,0
"13127041003",11,2,0,0,3915,2.80970625798212
"13122031006",0,0,0,0,4720,0
"13122111003",0,0,0,0,4842,0
"13122111002",5,0,1,0,5796,0.862663906142167
"13122031005",0,0,0,0,6507,0
"13122111004",0,0,0,0,6258,0
"13127061004",13,5,0,0,4421,2.94051119656186
"13122111005",0,0,0,0,5803,0
"13122031009",0,0,0,0,5987,0
"13122031011",0,0,0,0,4984,0
"13122111001",0,0,0,0,5741,0
"13127121002",0,0,0,0,3402,0
"13101121006",2,1,1,0,3272,0.611246943765281
"13122031007",4,1,3,0,6057,0.660392933795608
"13122031008",2,0,2,0,4735,0.422386483632524
"13127061007",0,0,0,0,2000,0
"13122051003",17,1,8,0,3752,4.53091684434968
"13122041005",6,1,1,0,2690,2.23048327137546
"13122041004",1,0,1,0,2705,0.369685767097967
"13101121003",3,0,2,1,2011,1.49179512680259
"13122051001",5,1,0,0,4279,1.16849731245618
"13122051005",3,1,2,0,4625,0.648648648648649
"13122051004",0,0,0,0,3890,0
"13101131006",0,0,0,0,2197,0
"13122031001",0,0,0,0,4426,0
"13122051002",0,0,0,0,6138,0
"13122041001",0,0,0,0,3769,0
"13122041002",2,2,0,0,4290,0.466200466200466
"13122101003",4,1,3,0,2126,1.88146754468485
"13122041003",0,0,0,0,3884,0
"13122101005",1,0,1,0,3204,0.31210986267166
"13122031004",0,0,0,0,4809,0
"13122031010",9,2,1,1,6387,1.40911225927666
"13122061004",5,1,0,0,4998,1.00040016006403
"13123061004",19,5,1,5,2537,7.48916042569965
"13127051001",0,0,0,0,3862,0
"13127051002",5,1,0,0,4277,1.16904372223521
"13127121003",0,0,0,0,4217,0
"13127041004",5,0,1,0,2659,1.88040616773223
"13127061001",6,1,0,0,4946,1.21310149615851
"13127061006",0,0,0,0,4599,0
"13127051003",0,0,0,0,3648,0
"13127121001",18,4,0,0,2701,6.66419844502036
"13127041001",0,0,0,0,4520,0
"13127061002",0,0,0,0,2839,0
"13127041002",0,0,0,0,5003,0
"13127111001",11,1,0,1,4774,2.30414746543779
"13127131001",3,1,0,2,3028,0.990752972258917
"13127061003",0,0,0,0,2453,0
"13127071001",5,1,0,0,2595,1.92678227360308
"13127111002",0,0,0,0,4290,0
"13127111005",5,0,1,0,4993,1.00140196274785
"13127111003",1,0,1,0,2598,0.384911470361817
"13127031001",8,3,0,0,2875,2.78260869565217
"13127131002",6,1,0,0,2745,2.18579234972678
"13127071003",7,1,1,0,3260,2.14723926380368
"13127131003",19,4,0,0,4590,4.13943355119826
"13127091002",0,0,0,0,4878,0
"13127031002",1,1,0,0,1163,0.859845227858985
"13127081002",7,3,0,0,2241,3.12360553324409
"13127091003",2,0,1,0,2475,0.808080808080808
"13127101002",4,4,0,0,2083,1.92030724915987
"13127091001",0,0,0,0,4352,0
"13107041001",0,0,0,0,3864,0
"13127021001",15,4,1,1,5169,2.90191526407429
"13127101001",42,23,3,1,2319,18.111254851229
"13127021004",7,3,0,0,3193,2.19229564672722
"13108011001",6,2,0,0,3193,1.87911055433761
"13124011002",0,0,0,0,3456,0
"13127011001",41,20,2,5,3238,12.6621371216801
"13127011002",19,10,3,2,4011,4.73697332336076
"13127021002",4,3,1,0,5758,0.69468565474123
"13107011002",1,1,0,0,3372,0.29655990510083
"13127061005",2,0,0,2,2850,0.701754385964912
"13120021005",15,1,3,3,2837,5.28727529080014
"13107011007",2,1,0,1,4464,0.448028673835125
"13107011008",8,4,0,0,7039,1.13652507458446
"13107011004",5,1,0,0,5032,0.993640699523052
"13121011003",0,0,0,0,5959,0
"13107011003",23,6,12,1,5516,4.16968817984046
"13107011006",47,14,14,3,5087,9.23923727147631
"13107031001",0,0,0,0,3986,0
"13107041002",1,0,1,0,3210,0.311526479750779
"13107031003",0,0,0,0,214,0
"13107041003",0,0,0,0,6381,0
"13107021002",0,0,0,0,5352,0
"13107031002",0,0,0,0,5832,0
"13107061001",12,0,0,2,4707,2.54939451880178
"13107051001",11,8,0,3,3532,3.11438278595697
"13107011009",6,1,0,1,5164,1.16189000774593
"13107011005",7,2,0,1,5572,1.25628140703518
"13107011010",2,1,1,0,6333,0.315806095057635
"13107011001",5,1,0,0,3312,1.50966183574879
"13124041002",10,4,2,0,3719,2.68889486421081
"13107021003",3,3,0,0,7074,0.424088210347752
"13121011002",0,0,0,0,4565,0
"13107021001",0,0,0,0,3457,0
"13114051001",4,1,1,2,4173,0.958543014617781
"13121021002",0,0,0,0,4473,0
"13115011008",15,3,1,1,6432,2.33208955223881
"13105071001",5,1,0,0,4551,1.098659635245
"13115021001",2,1,1,0,3554,0.56274620146314
"13115011011",0,0,0,0,4261,0
"13121021004",0,0,0,0,2993,0
"13124041003",0,0,0,0,2676,0
"13115011007",0,0,0,0,4870,0
"13115021005",0,0,0,0,5667,0
"13115041005",0,0,0,0,5360,0
"13121061001",0,0,0,0,5990,0
"13121011001",12,2,0,0,3659,3.27958458595245
"13121031004",0,0,0,0,3809,0
"13121031001",0,0,0,0,3452,0
"13121051001",0,0,0,0,3370,0
"13121061003",1,0,1,0,3072,0.325520833333333
"13121051004",1,1,0,0,4705,0.212539851222104
"13121031002",0,0,0,0,2113,0
"13121051002",0,0,0,0,3973,0
"13121031003",0,0,0,0,3557,0
"13121041001",0,0,0,0,4072,0
"13121041003",0,0,0,0,4215,0
"13121071002",8,0,3,1,2131,3.75410605349601
"13121071001",2,0,2,0,3662,0.546149645002731
"13121071003",2,1,1,0,3324,0.601684717208183
"13121051003",0,0,0,0,1706,0
"13106111003",8,3,0,0,2745,2.9143897996357
"13121071004",0,0,0,0,3998,0
"13121041004",1,0,1,0,2836,0.352609308885755
"13121041002",1,0,1,0,2810,0.355871886120996
"13121081001",0,0,0,0,3313,0
"13121081002",0,0,0,0,2566,0
"13121061002",0,0,0,0,4844,0
"13121021003",1,1,0,0,3965,0.252206809583859
"13106111001",0,0,0,0,1473,0
"13106131004",13,2,0,2,1430,9.09090909090909
"13106101002",1,0,1,0,3147,0.317762948840165
"13106111002",0,0,0,0,3293,0
"13106131001",3,2,1,0,2153,1.3934045517882
"13106101004",1,0,1,0,4744,0.21079258010118
"13106081001",0,0,0,0,3198,0
"13106081005",1,0,1,0,4834,0.206868018204386
"13106091001",0,0,0,0,2737,0
"13105071002",0,0,0,0,4283,0
"13106091002",11,3,0,0,2637,4.17140690178233
"13106081006",0,0,0,0,2139,0
"13106051001",0,0,0,0,3138,0
"13106081002",0,0,0,0,2327,0
"13106081003",6,2,0,0,4132,1.45208131655373
"13106061002",0,0,0,0,4868,0
"13106051003",1,1,0,0,2703,0.369959304476508
"13106041001",1,0,1,0,5707,0.175223409847556
"13106021001",0,0,0,0,1738,0
"13108011005",7,1,1,0,6231,1.12341518215375
"13106041002",0,0,0,0,6001,0
"13106141002",0,0,0,0,5107,0
"13106061004",0,0,0,0,1593,0
"13106031003",0,0,0,0,2545,0
"13106101001",5,0,1,0,3871,1.29165590286748
"13114031007",22,2,2,0,1867,11.7836100696304
"13106031002",0,0,0,0,2175,0
"13106101005",5,1,4,0,3377,1.48060408646728
"13119201002",1,1,0,0,4126,0.242365487154629
"13106121002",40,2,14,2,2846,14.0548137737175
"13106121001",0,0,0,0,3444,0
"13106111004",15,3,0,1,2920,5.13698630136986
"13106131002",41,9,16,2,4662,8.7945087945088
"13106131003",17,4,0,1,4573,3.71747211895911
"13106011001",9,2,6,1,1676,5.36992840095465
"13106101003",15,3,3,0,5016,2.99043062200957
"13106051002",0,0,0,0,1868,0
"13106061001",1,1,0,0,1772,0.564334085778781
"13106031001",0,0,0,0,2951,0
"13106071001",2,2,0,0,2613,0.765403750478377
"13106081004",10,2,0,0,2199,4.5475216007276
"13106021002",0,0,0,0,1753,0
"13129071002",0,0,0,0,2005,0
"13106071003",0,0,0,0,5606,0
"13106141001",0,0,0,0,4740,0
"13109041003",18,4,0,0,2768,6.5028901734104
"13106071002",1,0,1,0,4827,0.207168013258753
"13106061003",5,0,1,0,3531,1.41602945341263
"13109021001",0,0,0,0,3473,0
"13109021004",19,5,1,0,3785,5.01981505944518
"13109031003",18,3,1,0,5430,3.31491712707182
"13109021003",1,1,0,0,3104,0.322164948453608
"13109021005",0,0,0,0,2226,0
"13109021002",21,7,1,0,3609,5.8187863674148
"13124101004",8,1,3,0,2167,3.69173973234887
"13109031001",17,3,2,0,4993,3.40476667334268
"13109011001",0,0,0,0,3616,0
"13109031002",13,2,3,0,5428,2.39498894620486
"13109011003",21,7,0,0,4003,5.24606545091182
"13109041001",14,4,1,0,3500,4
"13109041002",0,0,0,0,4374,0
"13109041004",2,1,1,0,3015,0.66334991708126
"13109011002",13,3,0,0,5167,2.51596671182504
"13109011004",19,4,2,0,3776,5.03177966101695
"13109061001",0,0,0,0,4047,0
"13109061002",12,2,0,0,5848,2.05198358413133
"13109061003",14,4,0,0,3134,4.46713465220166
"13109051003",5,1,0,0,3814,1.31095962244363
"13105051003",0,0,0,0,4052,0
"13109061004",0,0,0,0,2045,0
"13109051001",4,1,3,0,5036,0.79428117553614
"13109051002",17,3,1,0,3698,4.59707950243375
"13105021001",0,0,0,0,3650,0
"13105011001",0,0,0,0,2852,0
"13105091004",1,1,0,0,3027,0.330360092500826
"13105021002",0,0,0,0,4702,0
"13105021003",1,0,1,0,3333,0.3000300030003
"13105011002",16,3,1,0,5693,2.81046899701388
"13105011005",0,0,0,0,7053,0
"13105031001",27,9,0,0,3682,7.33297121129821
"13105031002",6,1,0,0,1768,3.39366515837104
"13105041001",0,0,0,0,3448,0
"13105041002",0,0,0,0,5058,0
"13105051001",11,3,0,0,2557,4.30191630817364
"13105051002",0,0,0,0,2862,0
"13105051004",0,0,0,0,4140,0
"13105051005",0,0,0,0,3977,0
"13105091001",1,1,0,0,3935,0.254129606099111
"13105061001",1,1,0,0,4275,0.233918128654971
"13105091002",2,0,2,0,5386,0.371333085777943
"13105061002",0,0,0,0,3975,0
"13105061004",0,0,0,0,5277,0
"13105091003",3,1,2,0,4352,0.689338235294118
"13105061005",0,0,0,0,5166,0
"13129071004",6,1,0,0,1037,5.78592092574735
"13105061003",0,0,0,0,4648,0
"13105081001",0,0,0,0,2762,0
"13105071004",0,0,0,0,4616,0
"13105071003",0,0,0,0,3901,0
"13105081004",3,0,2,1,5442,0.551267916207277
"13105081005",0,0,0,0,4957,0
"13105071005",0,0,0,0,3630,0
"13105101001",11,3,0,0,5091,2.1606757022196
"13105101002",0,0,0,0,6389,0
"13105101003",1,1,0,0,5573,0.179436569172797
"13105081002",1,0,0,1,3636,0.275027502750275
"13105081003",5,1,0,0,4696,1.06473594548552
"13103071004",4,4,0,0,4004,0.999000999000999
"13105011003",9,0,7,2,525,17.1428571428571
"13116051001",0,0,0,0,2104,0
"13116051002",14,3,3,0,3505,3.99429386590585
"13116041002",2,0,2,0,3726,0.536768652710682
"13116061001",5,1,0,0,2805,1.7825311942959
"13116041003",2,2,0,0,3904,0.512295081967213
"13116061002",0,0,0,0,4115,0
"13124011004",0,0,0,0,2754,0
"13116041004",0,0,0,0,4436,0
"13116041001",0,0,0,0,3888,0
"13119011004",8,3,0,1,3391,2.35918608080212
"13116061003",0,0,0,0,3537,0
"13116071001",0,0,0,0,3115,0
"13116031003",6,1,0,0,4228,1.41911069063387
"13116031004",0,0,0,0,2829,0
"13116071003",0,0,0,0,5479,0
"13116021001",0,0,0,0,6216,0
"13116071002",0,0,0,0,3107,0
"13116031001",21,2,3,0,5012,4.18994413407821
"13116031002",7,2,1,0,4329,1.61700161700162
"13116071004",0,0,0,0,5471,0
"13116021002",0,0,0,0,5533,0
"13104061001",0,0,0,0,3266,0
"13116011004",0,0,0,0,5173,0
"13116011001",1,0,1,0,4898,0.204164965291956
"13103071002",5,1,0,0,3727,1.34156157767642
"13103091003",0,0,0,0,6253,0
"13116011005",7,2,1,0,3080,2.27272727272727
"13116011003",0,0,0,0,4529,0
"13116011002",3,3,0,0,3600,0.833333333333333
"13103081001",0,0,0,0,3622,0
"13103091004",0,0,0,0,4157,0
"13116071005",0,0,0,0,32,0
"13105011004",0,0,0,0,3495,0
"13103011002",6,1,0,1,2451,2.44798041615667
"13103011005",3,2,1,0,4812,0.623441396508728
"13103061001",1,1,0,0,2611,0.382995021064726
"13103081002",0,0,0,0,3918,0
"13103071003",0,0,0,0,4796,0
"13103011003",0,0,0,0,3591,0
"13103011004",7,2,0,0,4038,1.73353145121347
"13103071005",2,2,0,0,3337,0.599340725202278
"13114141002",0,0,0,0,3924,0
"13103061003",0,0,0,0,2446,0
"13103051001",0,0,0,0,5092,0
"13103021002",0,0,0,0,2610,0
"13103021003",0,0,0,0,1716,0
"13103021004",4,4,0,0,3227,1.23954136969321
"13103051002",4,3,1,0,5047,0.792550029720626
"13124061015",5,1,0,0,3568,1.40134529147982
"13103021005",6,6,0,0,3899,1.53885611695307
"13103031001",1,1,0,0,3609,0.27708506511499
"13103041003",0,0,0,0,4905,0
"13103061002",0,0,0,0,2669,0
"13103041002",5,2,3,0,3447,1.45053669857847
"13103041001",2,2,0,0,2930,0.68259385665529
"13103071001",0,0,0,0,2597,0
"13103031002",1,1,0,0,3731,0.268024658268561
"13103031003",0,0,0,0,3417,0
"13103091001",0,0,0,0,3214,0
"13103091002",0,0,0,0,2430,0
"13104081004",0,0,0,0,4251,0
"13103091005",0,0,0,0,4771,0
"13103061004",5,1,0,0,2954,1.6926201760325
"13103081003",1,0,1,0,5545,0.18034265103697
"13103021001",0,0,0,0,5120,0
"13103011006",0,0,0,0,3415,0
"13104041003",5,1,0,0,2819,1.77367860943597
"13103011001",0,0,0,0,2293,0
"13104021001",7,1,0,0,1831,3.82304751501912
"13104101002",0,0,0,0,4178,0
"13104081001",0,0,0,0,2521,0
"13104021002",0,0,0,0,3909,0
"13104021003",15,3,0,0,4126,3.63548230731944
"13104031002",0,0,0,0,4251,0
"13104031001",10,2,0,0,4469,2.23763705526964
"13104021004",3,2,0,1,3941,0.761228114691703
"13104081003",2,2,0,0,2849,0.702000702000702
"13104031005",0,0,0,0,2957,0
"13104081002",0,0,0,0,3681,0
"13104031004",12,2,0,0,2439,4.920049200492
"13104011001",5,1,0,0,3349,1.49298297999403
"13104031003",6,2,0,0,2826,2.12314225053079
"13104071003",0,0,0,0,1331,0
"13104071002",0,0,0,0,3717,0
"13104071001",0,0,0,0,12,0
"13104011002",4,3,1,0,3661,1.09259765091505
"13104041001",0,0,0,0,3036,0
"13104041002",5,1,0,0,3800,1.31578947368421
"13104041004",0,0,0,0,2817,0
"13104011003",1,1,0,0,2199,0.45475216007276
"13104071004",1,1,0,0,1579,0.633312222925903
"13124061014",5,1,0,0,3789,1.3196093956189
"13104091001",5,1,0,0,5009,0.998203234178479
"13104091002",11,1,1,0,3387,3.24771183938589
"13104101003",5,0,1,0,3627,1.37854976564654
"13104051001",0,0,0,0,2928,0
"13104101001",7,3,0,0,3161,2.21448908573236
"13104051003",0,0,0,0,2926,0
"13104051004",0,0,0,0,3367,0
"13104051002",0,0,0,0,3911,0
"13104091003",10,1,0,1,3952,2.53036437246964
"13104061003",0,0,0,0,2977,0
"13104051005",7,2,1,0,3274,2.13805742211362
"13104051006",0,0,0,0,5053,0
"13104061002",0,0,0,0,3413,0
"13119081002",0,0,0,0,2225,0
"13108051001",11,2,0,0,1739,6.32547441058079
"13108041001",2,2,0,0,1919,1.04220948410631
"13108031003",6,5,0,1,3494,1.71722953634803
"13108061002",20,6,0,0,7802,2.56344527044348
"13108031005",0,0,0,0,4721,0
"13108051002",12,3,0,0,2018,5.94648166501487
"13108011004",14,4,2,0,5169,2.70845424646934
"13108051004",0,0,0,0,1515,0
"13108051003",1,1,0,0,5617,0.178030977390066
"13108031004",0,0,0,0,2835,0
"13108041002",12,6,2,0,5689,2.10933380207418
"13125011006",10,2,4,0,2927,3.41646737273659
"13108031001",0,0,0,0,2375,0
"13108061001",30,5,1,1,5167,5.80607702728856
"13108051005",1,0,1,0,6769,0.147732309055991
"13128071007",5,0,0,1,4930,1.01419878296146
"13108031002",5,1,0,0,3092,1.61707632600259
"13108021002",1,1,0,0,2721,0.367511944138184
"13108021001",0,0,0,0,2658,0
"13108021004",20,4,0,0,4866,4.1101520756268
"13108071001",21,1,2,2,3478,6.03795284646348
"13108021005",2,1,1,0,3263,0.612932883849219
"13108021003",0,0,0,0,3723,0
"13108011002",0,0,0,0,2604,0
"13108011003",17,2,0,1,5789,2.93660390395578
"13108071002",10,1,6,3,1612,6.20347394540943
"13124021001",0,0,0,0,7042,0
"13124021003",2,2,0,0,4495,0.444938820912125
"13124041005",0,0,0,0,2122,0
"13124041001",1,1,0,0,3821,0.261711593823606
"13124101002",1,1,0,0,2400,0.416666666666667
"13124101003",2,1,1,0,3508,0.570125427594071
"13124101001",2,0,2,0,4475,0.446927374301676
"13124041004",1,1,0,0,4159,0.240442414041837
"13124021006",1,1,0,0,5452,0.183418928833456
"13124031002",3,2,1,0,3860,0.77720207253886
"13124031004",0,0,0,0,1820,0
"13124031001",1,1,0,0,2310,0.432900432900433
"13124091003",1,1,0,0,3332,0.300120048019208
"13124051004",1,1,0,0,1846,0.541711809317443
"13124051003",4,1,3,0,4469,0.895054822107854
"13124021004",1,1,0,0,5089,0.196502259775987
"13124051002",0,0,0,0,1306,0
"13124011001",3,3,0,0,2029,1.47856086742238
"13124051001",0,0,0,0,3973,0
"13124031003",8,4,0,0,2260,3.53982300884956
"13124091002",1,1,0,0,2801,0.357015351660121
"13124091001",0,0,0,0,6717,0
"13124011003",0,0,0,0,3176,0
"13124091005",0,0,0,0,2461,0
"13124071001",2,1,1,0,5903,0.338810774182619
"13124091004",0,0,0,0,3255,0
"13128031003",0,0,0,0,2498,0
"13124061003",5,1,0,0,2460,2.03252032520325
"13124061004",6,1,1,0,4441,1.35104706147264
"13124071003",0,0,0,0,1955,0
"13124061005",1,0,1,0,2554,0.391542678151919
"13124061006",2,0,2,0,3246,0.616142945163278
"13124061002",27,5,0,0,5571,4.84652665589661
"13124061018",0,0,0,0,4940,0
"13124061016",5,1,0,0,2866,1.74459176552687
"13124061017",0,0,0,0,4214,0
"13124061019",0,0,0,0,2901,0
"13124061024",0,0,0,0,4680,0
"13119201010",1,1,0,0,3872,0.258264462809917
"13124061012",1,0,1,0,4669,0.214178624973228
"13124061023",0,0,0,0,3480,0
"13124061022",1,1,0,0,5067,0.197355437142293
"13113031002",1,0,1,0,2396,0.417362270450751
"13124061007",0,0,0,0,3297,0
"13124061021",5,1,0,0,3557,1.40567894292943
"13124061011",0,0,0,0,3480,0
"13124061008",0,0,0,0,3295,0
"13124061010",0,0,0,0,4270,0
"13124061009",0,0,0,0,4538,0
"13124061020",15,1,2,0,4386,3.41997264021888
"13124021005",2,2,0,0,3641,0.549299642955232
"13124021002",1,1,0,0,4179,0.239291696578129
"13119201004",17,4,0,0,4568,3.7215411558669
"13124061001",6,2,0,0,4416,1.35869565217391
"13124061013",0,0,0,0,5103,0
"13113051003",19,8,4,3,3589,5.29395374756199
"13124071002",0,0,0,0,5609,0
"13113051001",0,0,0,0,3216,0
"13113031004",12,2,2,0,2382,5.03778337531486
"13128061001",5,1,0,0,2261,2.21141088014153
"13113031001",62,12,1,0,3871,16.0165331955567
"13113031003",142,16,7,3,4243,33.4668866368136
"13114121007",0,0,0,0,3376,0
"13113061002",1,0,1,0,4854,0.206015657189946
"13113051004",0,0,0,0,3444,0
"13113021001",11,1,1,1,2057,5.3475935828877
"13113041004",1,0,0,1,2897,0.345184673800483
"13113041001",0,0,0,0,2300,0
"13114111004",31,5,6,4,2945,10.5263157894737
"13113071004",3,0,0,3,2128,1.40977443609023
"13113051002",13,1,4,0,4084,3.18315377081293
"13113041003",9,4,1,0,3037,2.96345077378992
"13113061003",1,1,0,0,907,1.10253583241455
"13114121004",13,0,1,2,2215,5.86907449209932
"13113041002",1,0,0,1,2624,0.38109756097561
"13113021003",16,3,1,0,2061,7.76322173702086
"13113021002",19,4,8,3,2253,8.43320017754106
"13113071001",7,3,0,0,4184,1.67304015296367
"13113071002",22,4,4,0,5322,4.13378429161969
"13113071003",0,0,0,0,4722,0
"13113071006",0,0,0,0,4086,0
"13113011001",3,3,0,0,2242,1.33809099018733
"13113011004",23,4,1,0,3667,6.2721570766294
"13113011002",0,0,0,0,2061,0
"13114091001",10,4,1,1,3551,2.81610813855252
"13113011003",0,0,0,0,3349,0
"13113071005",0,0,0,0,4987,0
"13113061001",4,1,3,0,5715,0.699912510936133
"13114041001",13,8,3,2,4788,2.71512113617377
"13114021001",0,0,0,0,3851,0
"13114041003",17,8,7,2,6315,2.69200316706255
"13114031001",15,6,4,1,2984,5.02680965147453
"13114161002",0,0,0,0,2250,0
"13114151003",12,3,6,3,4675,2.5668449197861
"13114021002",31,22,3,2,3987,7.77526962628543
"13114041002",5,4,0,1,5015,0.997008973080758
"13114161001",3,1,2,0,3820,0.785340314136126
"13114161003",1,1,0,0,4475,0.223463687150838
"13114031002",4,2,2,0,2884,1.3869625520111
"13114011002",1,0,0,1,4031,0.248077400148846
"13114161004",3,1,0,2,4046,0.74147305981216
"13114031006",6,2,3,1,2483,2.41643173580346
"13114071003",0,0,0,0,4105,0
"13114011009",0,0,0,0,3665,0
"13114131001",1,1,0,0,2297,0.43535045711798
"13114011004",9,5,1,3,1386,6.49350649350649
"13114071001",1,1,0,0,5419,0.184535892231039
"13114051003",4,1,2,1,2838,1.40944326990839
"13114061001",31,12,6,5,3652,8.48849945235487
"13114051004",4,3,1,0,3036,1.31752305665349
"13114011007",15,4,7,4,2731,5.49249359209081
"13114061002",17,2,2,0,3141,5.41228907991086
"13114111003",1,0,0,1,3878,0.257864878803507
"13114111006",12,1,7,4,3072,3.90625
"13114131003",14,2,5,3,2101,6.66349357448834
"13114101001",11,4,3,0,3895,2.82413350449294
"13114051002",21,4,4,1,4211,4.98693896936595
"13114131004",1,0,0,1,2684,0.3725782414307
"13114131006",12,2,1,3,3333,3.6003600360036
"13114111001",0,0,0,0,3428,0
"13114111005",0,0,0,0,2721,0
"13114131007",23,3,7,4,2764,8.32127351664255
"13114141001",0,0,0,0,5711,0
"13114081005",1,1,0,0,3140,0.318471337579618
"13114101004",9,0,5,0,4361,2.06374684705343
"13114131008",64,6,2,10,2919,21.9253168893457
"13114101005",6,1,0,0,4812,1.24688279301746
"13114121001",13,0,0,1,3193,4.07140620106483
"13114091003",6,1,0,1,4011,1.49588631264024
"13114141004",0,0,0,0,3190,0
"13119081001",18,4,1,0,3136,5.73979591836735
"13114121005",4,3,0,1,3392,1.17924528301887
"13114091002",12,7,1,0,3977,3.01734976112648
"13114121006",0,0,0,0,2714,0
"13114121002",0,0,0,0,3708,0
"13114141003",1,0,0,1,6260,0.159744408945687
"13114011005",2,2,0,0,2220,0.900900900900901
"13114021004",0,0,0,0,3885,0
"13114021003",2,1,1,0,2600,0.769230769230769
"13114031005",1,1,0,0,2984,0.335120643431635
"13114031003",14,5,0,1,3432,4.07925407925408
"13114031004",16,3,0,3,2963,5.39993250084374
"13114071002",0,0,0,0,4397,0
"13114081003",4,0,3,1,3899,1.02590407796871
"13101271003",19,8,2,0,3410,5.57184750733138
"13114081001",2,2,0,0,3379,0.591891092039065
"13114081004",0,0,0,0,4108,0
"13114091004",4,2,0,2,4121,0.970638194612958
"13114101003",0,0,0,0,3748,0
"13114111002",9,1,0,0,3739,2.40706071142017
"13114111007",4,1,1,2,2915,1.37221269296741
"13114121003",1,0,1,0,3321,0.301114122252334
"13114131005",63,17,3,10,3310,19.0332326283988
"13114151001",3,0,2,1,7115,0.421644413211525
"13114011003",42,18,11,13,3176,13.2241813602015
"13119071005",0,0,0,0,4564,0
"13114011008",0,0,0,0,3909,0
"13114011006",2,1,1,0,1775,1.12676056338028
"13114011001",55,29,14,6,3999,13.7534383595899
"13114081002",0,0,0,0,3870,0
"13114101002",2,1,0,1,3481,0.57454754380925
"13132041007",0,0,0,0,4000,0
"13132041002",7,1,0,0,3131,2.23570744171191
"13114131009",70,15,17,18,2501,27.9888044782087
"13114131010",70,19,0,6,2364,29.6108291032149
"13114131002",0,0,0,0,1890,0
"13114151002",7,2,3,2,5370,1.30353817504655
"13114071004",7,0,1,2,6609,1.05916174912997
"13132041005",18,3,3,1,3257,5.52655818237642
"13132041008",13,4,0,1,3448,3.77030162412993
"13132021003",23,12,1,4,4013,5.73137303762771
"13132041001",30,6,4,0,3520,8.52272727272727
"13132041006",27,5,3,1,2726,9.9046221570066
"13132021001",2,2,0,0,2281,0.876808417360807
"13132011006",4,1,1,2,2090,1.91387559808612
"13132021005",24,2,2,2,4191,5.72655690765927
"13132021007",10,0,0,2,3156,3.16856780735108
"13132051003",4,2,1,1,2767,1.44560896277557
"13132011001",130,20,0,8,2673,48.6344930789375
"13132051001",54,9,3,1,3030,17.8217821782178
"13132031003",1,0,0,1,NA,NA
"13132021004",32,10,0,4,3068,10.4302477183833
"13132011003",118,19,2,3,3373,34.9836940409131
"13132021002",24,4,0,0,3344,7.17703349282297
"13132011005",2,0,0,2,2708,0.738552437223043
"13132011002",68,20,1,5,2441,27.8574354772634
"13132021006",20,4,2,2,4388,4.55788514129444
"13132041004",5,0,0,1,3924,1.27420998980632
"13132031002",6,2,2,2,5650,1.06194690265487
"13132031001",2,0,2,0,5187,0.385579332947754
"13132051002",78,13,1,3,3011,25.9050149452009
"13120071002",18,3,1,4,3955,4.551201011378
"13115011010",0,0,0,0,8155,0
"13115041003",1,0,1,0,4505,0.221975582685905
"13115041004",0,0,0,0,6675,0
"13117021004",0,0,0,0,3461,0
"13115041001",6,4,2,0,5275,1.13744075829384
"13115021004",2,1,1,0,1240,1.61290322580645
"13115011004",23,5,13,5,5076,4.5311268715524
"13115011003",14,3,3,0,2801,4.9982149232417
"13115011006",1,0,0,1,4823,0.207339829981339
"13115041002",8,5,3,0,3665,2.18281036834925
"13132011004",21,3,0,2,1871,11.2239444147515
"13115021003",4,2,2,0,4030,0.992555831265509
"13117011004",0,0,0,0,2754,0
"13117041003",2,1,1,0,3909,0.511639805576874
"13115011002",4,1,2,1,3910,1.0230179028133
"13115011012",2,2,0,0,5638,0.354735721887194
"13115021002",0,0,0,0,5058,0
"13117021001",0,0,0,0,3017,0
"13115011001",19,7,0,3,5242,3.62457077451354
"13115011009",8,1,6,1,4404,1.81653042688465
"13115011005",36,8,7,3,2451,14.68788249694
"13117011003",0,0,0,0,3356,0
"13117061001",0,0,0,0,2850,0
"13117011002",9,3,1,0,3864,2.32919254658385
"13117021002",1,1,0,0,2181,0.458505272810637
"13117021005",0,0,0,0,3922,0
"13117061003",0,0,0,0,1834,0
"13117011001",3,3,0,0,3432,0.874125874125874
"13117021003",0,0,0,0,3091,0
"13117031006",0,0,0,0,2450,0
"13117061002",0,0,0,0,3328,0
"13117031002",6,2,0,0,2303,2.60529743812419
"13117031003",0,0,0,0,2485,0
"13117071003",0,0,0,0,2736,0
"13117051002",0,0,0,0,4026,0
"13117071004",0,0,0,0,2836,0
"13117051004",0,0,0,0,4012,0
"13117051001",0,0,0,0,4222,0
"13117031004",6,0,1,1,2738,2.19138056975895
"13117031001",0,0,0,0,4081,0
"13117031005",0,0,0,0,3205,0
"13117051003",1,1,0,0,3431,0.29146021568056
"13117041002",0,0,0,0,2703,0
"13117041001",7,0,3,0,4241,1.65055411459561
"13117041004",1,0,1,0,3104,0.322164948453608
"13117041005",4,0,3,1,2811,1.42298114549982
"13117071002",0,0,0,0,2370,0
"13117071001",0,0,0,0,1148,0
"13126021001",0,0,0,0,4199,0
"13126091003",6,1,0,0,2143,2.79981334577695
"13126091001",1,1,0,0,2725,0.36697247706422
"13126061004",0,0,0,0,3575,0
"13126021003",2,0,2,0,2915,0.686106346483705
"13126091002",1,1,0,0,4283,0.233481204763017
"13126061001",0,0,0,0,4535,0
"13126091004",1,1,0,0,3962,0.252397778899546
"13126081001",13,2,1,0,5822,2.23290965304019
"13126021002",0,0,0,0,3154,0
"13126021005",5,1,0,0,2553,1.95848021934978
"13126021004",0,0,0,0,2809,0
"13126041001",3,2,1,0,4146,0.723589001447178
"13126021006",0,0,0,0,127,0
"13126011001",8,3,0,0,3474,2.3028209556707
"13126041002",1,1,0,0,2166,0.461680517082179
"13126011002",13,2,0,0,3404,3.81903642773208
"13126081003",7,3,0,0,5206,1.34460238186708
"13126011003",18,7,0,0,2084,8.63723608445298
"13126031003",0,0,0,0,4508,0
"13126071001",4,4,0,0,4914,0.814000814000814
"13126071002",22,4,1,1,3743,5.87763825808175
"13126061002",13,3,0,0,4638,2.80293229840448
"13126031002",12,4,0,0,4647,2.5823111684958
"13126061003",0,0,0,0,2457,0
"13126051002",6,2,0,0,5460,1.0989010989011
"13126051001",1,1,0,0,5742,0.17415534656914
"13126031001",1,1,0,0,5396,0.185322461082283
"13119211001",10,2,0,0,3548,2.8184892897407
"13126081002",2,2,0,0,4997,0.400240144086452
"13119201009",1,0,1,0,5253,0.190367409099562
"13119201006",0,0,0,0,4449,0
"13119201007",0,0,0,0,4461,0
"13119201001",0,0,0,0,3774,0
"13119201008",5,1,0,0,5118,0.976944118796405
"13119221001",0,0,0,0,2850,0
"13119201011",11,1,2,0,4308,2.55338904363974
"13119211002",0,0,0,0,2294,0
"13119221002",2,2,0,0,3571,0.560067208064968
"13119221003",6,1,0,0,4028,1.48957298907646
"13119201003",0,0,0,0,3958,0
"13119211003",3,2,1,0,4464,0.672043010752688
"13119141012",1,1,0,0,2712,0.368731563421829
"13119221004",0,0,0,0,3282,0
"13119021010",6,1,1,0,5100,1.17647058823529
"13119201005",15,4,5,2,2638,5.68612585291888
"13119071008",0,0,0,0,4420,0
"13119211004",0,0,0,0,3112,0
"13119121003",8,3,0,1,4945,1.61779575328615
"13119211005",5,1,0,0,4059,1.23183050012318
"13119141001",6,2,0,0,4494,1.33511348464619
"13119141003",6,2,0,0,4752,1.26262626262626
"13119021003",1,0,1,0,4740,0.210970464135021
"13119021007",10,2,0,0,3347,2.98775022408127
"13119021008",0,0,0,0,4305,0
"13119021005",10,1,0,1,5306,1.88465887674331
"13119141007",1,0,1,0,4592,0.217770034843206
"13119141004",1,0,0,1,5299,0.188714851858841
"13119021004",2,1,0,1,5176,0.386398763523957
"13119141005",7,1,0,0,2198,3.18471337579618
"13119111003",0,0,0,0,2810,0
"13119011001",56,13,1,0,2649,21.1400528501321
"13119141008",0,0,0,0,3809,0
"13119141009",1,1,0,0,6274,0.15938795027096
"13119141002",0,0,0,0,4763,0
"13119021009",0,0,0,0,5129,0
"13119111001",0,0,0,0,2602,0
"13119101001",47,4,4,0,5271,8.91671409599696
"13119011002",16,2,0,2,4740,3.37552742616034
"13119021006",2,1,1,0,5450,0.36697247706422
"13119071014",0,0,0,0,4076,0
"13119121002",0,0,0,0,2576,0
"13119111002",1,0,0,1,5025,0.199004975124378
"13119021001",2,0,2,0,4203,0.475850582916964
"13119091001",31,5,6,2,3361,9.22344540315382
"13119071015",0,0,0,0,4087,0
"13119011005",19,4,0,2,2201,8.63243980009087
"13119011003",3,1,1,1,2477,1.21114251110214
"13119101002",29,7,6,3,3265,8.88208269525268
"13119071002",0,0,0,0,5327,0
"13119021002",2,0,2,0,3414,0.585823081429408
"13119071003",0,0,0,0,4808,0
"13119071010",0,0,0,0,5347,0
"13119071012",0,0,0,0,4597,0
"13119071011",1,1,0,0,4393,0.227634873662645
"13119151001",0,0,0,0,1321,0
"13119041001",5,1,0,0,440,11.3636363636364
"13119031001",10,2,0,0,2708,3.69276218611521
"13125011003",7,0,3,0,3237,2.16249613839975
"13125011007",0,0,0,0,9046,0
"13119131001",0,0,0,0,2153,0
"13119031004",7,1,0,0,3017,2.32018561484919
"13119031003",5,4,1,0,2867,1.74398325776073
"13119071009",0,0,0,0,5508,0
"13119071007",0,0,0,0,4293,0
"13119071001",0,0,0,0,4200,0
"13119071013",0,0,0,0,5464,0
"13119091002",13,5,0,0,4267,3.04663698148582
"13119081003",2,0,1,1,4130,0.484261501210654
"13119081004",0,0,0,0,3263,0
"13119171004",1,1,0,0,4401,0.227221086116792
"13119171001",0,0,0,0,5543,0
"13119061001",10,6,0,0,4723,2.11729832733432
"13119031005",1,1,0,0,2327,0.429737859905458
"13119031002",0,0,0,0,2885,0
"13119181003",2,1,0,1,2995,0.667779632721202
"13119181001",0,0,0,0,3454,0
"13119181004",0,0,0,0,5093,0
"13119051001",4,1,3,0,88,45.4545454545455
"13119181008",2,0,2,0,4885,0.409416581371546
"13119181006",6,2,0,0,4362,1.37551581843191
"13119161001",0,0,0,0,4468,0
"13119171003",0,0,0,0,3084,0
"13119181007",1,0,1,0,3155,0.316957210776545
"13119161002",13,4,1,0,5015,2.59222333000997
"13119171005",9,0,2,0,4571,1.96893458761759
"13119051006",0,0,0,0,5053,0
"13119171002",2,1,1,0,3626,0.551571980143409
"13119181002",2,2,0,0,5549,0.36042530185619
"13119061002",8,2,0,0,4734,1.68990283058724
"13119181005",0,0,0,0,5149,0
"13119161003",0,0,0,0,5240,0
"13119191001",0,0,0,0,4165,0
"13119191008",0,0,0,0,4098,0
"13119191010",0,0,0,0,4130,0
"13119051003",0,0,0,0,2455,0
"13119191002",1,0,1,0,4439,0.225275963054742
"13119191006",0,0,0,0,5639,0
"13119191007",0,0,0,0,3930,0
"13119191003",0,0,0,0,4229,0
"13119051002",0,0,0,0,4119,0
"13119191005",0,0,0,0,4437,0
"13119191009",0,0,0,0,3357,0
"13119191004",0,0,0,0,5262,0
"13119051007",0,0,0,0,4268,0
"13119051008",6,2,0,0,4975,1.20603015075377
"13119231006",0,0,0,0,2830,0
"13119051004",2,2,0,0,3231,0.619003404518725
"13119231004",1,1,0,0,3339,0.299490865528601
"13119231002",1,1,0,0,4950,0.202020202020202
"13119231001",4,1,3,0,3720,1.0752688172043
"13119231007",0,0,0,0,3500,0
"13119231003",1,1,0,0,814,1.22850122850123
"13119231005",0,0,0,0,2725,0
"13119231008",1,1,0,0,5206,0.192086054552439
"13119071006",0,0,0,0,5989,0
"13119071004",1,0,1,0,5065,0.197433366238894
"13119141011",12,3,1,0,4821,2.48911014312383
"13118061005",10,2,0,0,2032,4.92125984251969
"13119141010",4,4,0,0,4689,0.853060354020047
"13119051009",0,0,0,0,4273,0
"13119051005",0,0,0,0,5589,0
"13119141006",1,1,0,0,3377,0.296120817293456
"13118041004",15,3,0,0,3358,4.46694460988684
"13102041003",1,0,1,0,3141,0.318369945877109
"13102011002",16,0,4,0,3353,4.77184610796302
"13102041004",0,0,0,0,3747,0
"13102041006",0,0,0,0,4722,0
"13120021001",18,1,2,1,4004,4.4955044955045
"13118051001",5,0,1,0,43,116.279069767442
"13102041002",10,2,0,0,4691,2.13174163291409
"13120111006",6,4,0,2,1999,3.00150075037519
"13102041005",0,0,0,0,2619,0
"13118061006",0,0,0,0,2678,0
"13102031001",0,0,0,0,5765,0
"13102031006",0,0,0,0,3368,0
"13120111005",14,4,2,0,2769,5.0559768869628
"13102041001",5,0,1,0,4765,1.04931794333683
"13118011002",1,0,1,0,5344,0.187125748502994
"13102031002",5,1,0,0,4343,1.15127791848952
"13102031007",0,0,0,0,4168,0
"13118051002",18,3,2,0,2391,7.52823086574655
"13102031005",0,0,0,0,4297,0
"13102031003",0,0,0,0,4034,0
"13102031004",0,0,0,0,3156,0
"13102021001",0,0,0,0,2850,0
"13102021002",1,0,1,0,3877,0.257931390250193
"13118051003",0,0,0,0,2330,0
"13120111002",35,6,3,2,3251,10.7659181790218
"13102021004",0,0,0,0,2660,0
"13102011003",1,0,1,0,4648,0.215146299483649
"13102011004",0,0,0,0,5609,0
"13102011001",76,17,9,3,2520,30.1587301587302
"13102021003",15,0,4,0,2377,6.31047538914598
"13118051005",0,0,0,0,3792,0
"13120011007",8,1,3,0,3302,2.42277407631738
"13118011003",12,2,2,0,4911,2.44349419670128
"13118061001",2,2,0,0,4146,0.482392667631452
"13118011001",14,1,0,1,4848,2.88778877887789
"13118061003",5,1,0,0,3715,1.34589502018843
"13118011004",0,0,0,0,3070,0
"13118051004",31,5,2,0,3006,10.3127079174983
"13118061004",0,0,0,0,3312,0
"13118041002",10,0,2,0,3530,2.8328611898017
"13118021001",6,1,0,0,4676,1.28314798973482
"13118021004",16,3,1,0,4209,3.80137799952483
"13118041001",11,2,1,0,3073,3.57956394402864
"13120011005",14,1,1,0,3766,3.71747211895911
"13118021007",5,1,0,0,5045,0.991080277502478
"13118021002",1,0,1,0,5322,0.187899285982713
"13118041005",6,0,2,0,3429,1.74978127734033
"13118041003",16,3,0,0,3955,4.04551201011378
"13118021005",5,0,1,0,2865,1.74520069808028
"13120011004",13,4,0,2,3110,4.18006430868167
"13118031004",12,1,1,0,3104,3.8659793814433
"13118031001",55,2,7,12,4746,11.5887062789718
"13118021003",0,0,0,0,2690,0
"13118021006",0,0,0,0,2525,0
"13118031005",7,0,1,0,3789,1.84745315386646
"13118031003",10,0,2,0,3373,2.96471983397569
"13120011003",14,1,4,2,4074,3.43642611683849
"13118031002",6,2,0,0,4531,1.32421099095122
"13120011001",8,4,0,0,2289,3.49497597204019
"13118061002",0,0,0,0,3632,0
"13120021002",40,3,1,3,4334,9.22934933087217
"13118031006",24,5,3,0,2779,8.63620007196833
"13120021004",2,1,0,1,3107,0.643707756678468
"13120021003",4,1,0,3,4492,0.890471950133571
"13120031001",3,2,0,1,3162,0.94876660341556
"13120011002",7,0,0,3,3865,1.8111254851229
"13120111003",10,3,2,1,2490,4.01606425702811
"13120031002",22,3,0,3,3612,6.09080841638981
"13120101002",12,4,0,0,3444,3.48432055749129
"13120111001",61,15,4,9,4210,14.4893111638955
"13120041001",21,2,1,0,5705,3.68098159509202
"13120101003",6,2,0,0,3492,1.71821305841924
"13120101005",9,3,0,0,3430,2.62390670553936
"13120101006",12,2,3,3,3623,3.31217223295611
"13120041004",0,0,0,0,2950,0
"13120051002",9,1,1,1,4876,1.84577522559475
"13120051004",35,12,4,6,2497,14.0168201842211
"13120051001",2,0,0,2,2466,0.8110300081103
"13120071003",0,0,0,0,4227,0
"13120101008",2,2,0,0,3530,0.56657223796034
"13120071004",5,3,1,1,3028,1.65125495376486
"13120101007",2,1,1,0,3264,0.612745098039216
"13120041003",4,1,3,0,3045,1.3136288998358
"13120041002",20,1,4,1,3816,5.24109014675052
"13120051003",36,4,0,3,3642,9.88467874794069
"13120091002",0,0,0,0,3959,0
"13120091003",0,0,0,0,3632,0
"13120071006",6,1,1,0,3898,1.53925089789636
"13120081003",5,0,0,1,1792,2.79017857142857
"13120071005",11,2,3,0,3216,3.42039800995025
"13120041005",8,0,3,0,4336,1.8450184501845
"13120061001",13,2,3,2,3850,3.37662337662338
"13120061002",0,0,0,0,3225,0
"13120061005",0,0,0,0,3888,0
"13120021006",7,3,0,0,3619,1.93423597678917
"13120061003",5,0,1,0,3104,1.61082474226804
"13120081001",0,0,0,0,2961,0
"13120081002",0,0,0,0,2991,0
"13120061004",0,0,0,0,3017,0
"13120081004",3,3,0,0,2713,1.10578695171397
"13120071007",18,4,0,0,2289,7.86369593709043
"13120011006",65,7,5,3,4378,14.846962083143
"13120011009",38,12,1,0,3507,10.8354719133162
"13120091001",0,0,0,0,5061,0
"13120031003",6,4,0,2,2757,2.17627856365615
"13120111007",15,2,4,0,3001,4.99833388870377
"13120071001",2,1,1,0,2247,0.890075656430797
"13120101001",17,8,3,0,2672,6.3622754491018
"13120101004",11,2,0,3,3389,3.24579521982886
"13120111004",40,4,2,4,3545,11.2834978843441
"13123011008",13,5,2,2,1660,7.83132530120482
"13123041009",9,0,0,3,3338,2.69622528460156
"13129061003",0,0,0,0,3683,0
"13123041006",0,0,0,0,2704,0
"13129031004",0,0,0,0,3539,0
"13123011007",12,6,3,3,1655,7.25075528700906
"13101181002",8,1,0,0,4060,1.97044334975369
"13129021001",6,1,4,1,2327,2.57842715943275
"13101111014",2,1,0,1,1894,1.05596620908131
"13101111006",2,2,0,0,1677,1.19260584376863
"13101271001",41,10,7,3,3997,10.2576932699525
"13128101002",0,0,0,0,2333,0
"13123041001",14,1,0,2,3557,3.93590104020242
"13123021006",3,0,0,3,2842,1.05559465165377
"13128091002",0,0,0,0,3107,0
"13128021005",0,0,0,0,163,0
"13128021001",0,0,0,0,2838,0
"13128071005",1,1,0,0,4122,0.242600679281902
"13128071002",0,0,0,0,2759,0
"13128021002",0,0,0,0,2867,0
"13128021006",0,0,0,0,4839,0
"13128081002",0,0,0,0,2895,0
"13125041012",50,8,2,0,4275,11.6959064327485
"13128081001",0,0,0,0,2882,0
"13128061005",8,2,0,0,2527,3.16580925999209
"13128071006",5,1,0,0,5111,0.978282136568186
"13128021004",0,0,0,0,4241,0
"13128101001",0,0,0,0,2509,0
"13128011001",0,0,0,0,3768,0
"13128011003",4,3,1,0,3656,1.09409190371991
"13128021003",0,0,0,0,2865,0
"13128091004",0,0,0,0,3789,0
"13128081003",0,0,0,0,2263,0
"13128071008",10,2,0,0,2802,3.56887937187723
"13125021011",0,0,0,0,3412,0
"13128071003",7,1,0,0,3881,1.80365885081165
"13128031002",1,0,1,0,3697,0.270489586150933
"13128051001",6,1,1,0,3820,1.57068062827225
"13128071001",5,0,1,0,4894,1.02165917449939
"13128061002",11,2,0,0,5608,1.96148359486448
"13128091003",0,0,0,0,3686,0
"13128041001",0,0,0,0,1185,0
"13128031001",0,0,0,0,1486,0
"13125021016",3,2,1,0,3848,0.77962577962578
"13128061003",5,1,0,0,2882,1.73490631505899
"13128011002",17,2,1,0,3280,5.18292682926829
"13128091001",0,0,0,0,3578,0
"13125041005",15,4,1,0,6191,2.42287191083831
"13128061004",0,0,0,0,2524,0
"13125021002",0,0,0,0,4230,0
"13128101003",5,1,0,0,3930,1.27226463104326
"13128101004",13,3,0,0,1634,7.95593635250918
"13125021001",0,0,0,0,5170,0
"13128051002",6,0,1,1,3761,1.59532039351236
"13128041002",6,2,0,0,3345,1.79372197309417
"13125021005",0,0,0,0,4041,0
"13128041003",0,0,0,0,1422,0
"13125041004",1,1,0,0,4863,0.205634382068682
"13128071004",0,0,0,0,6454,0
"13128071009",0,0,0,0,1401,0
"13128071010",0,0,0,0,6861,0
"13128081004",0,0,0,0,5633,0
"13125031001",42,2,9,3,662,63.4441087613293
"13125041013",0,0,0,0,5197,0
"13125021014",0,0,0,0,5771,0
"13123041005",3,1,0,2,3556,0.843644544431946
"13125041014",1,0,1,0,4217,0.237135404315864
"13125041011",23,7,2,1,4957,4.63990316723825
"13125021009",2,2,0,0,6326,0.316155548529877
"13125021004",0,0,0,0,6455,0
"13101031003",5,3,1,1,4955,1.00908173562059
"13125041006",36,2,9,0,4746,7.58533501896334
"13125041007",3,1,2,0,5299,0.566144555576524
"13125021007",8,1,3,0,5361,1.49225890692035
"13125021010",2,2,0,0,5311,0.376576915835059
"13125041003",6,1,1,0,6819,0.87989441267048
"13125041010",1,1,0,0,5741,0.174185681936945
"13125021020",0,0,0,0,4660,0
"13125021015",4,1,3,0,3834,1.04329681794471
"13125021017",0,0,0,0,4269,0
"13125041008",4,1,3,0,2936,1.36239782016349
"13125041002",24,3,6,1,4194,5.72246065808298
"13125021019",0,0,0,0,4332,0
"13125021012",17,4,1,0,5306,3.20392009046363
"13125011002",0,0,0,0,5434,0
"13125021018",0,0,0,0,4659,0
"13125041001",33,7,2,1,3878,8.50954100051573
"13125021006",0,0,0,0,3675,0
"13125011001",40,2,9,2,4083,9.79671809943669
"13125011005",8,3,1,0,4985,1.60481444332999
"13125011008",0,0,0,0,4381,0
"13125011004",0,0,0,0,4377,0
"13125021003",12,1,3,0,4703,2.55156283223474
"13125021021",0,0,0,0,4148,0
"13125021008",0,0,0,0,4719,0
"13125021013",1,1,0,0,3877,0.257931390250193
"13125041009",0,0,0,0,4971,0
"13125041015",20,6,0,0,4153,4.81579581025765
"13101031007",6,4,0,2,2973,2.01816347124117
"13129021002",0,0,0,0,4585,0
"13129011003",0,0,0,0,4545,0
"13129071003",0,0,0,0,5394,0
"13129011002",43,8,0,0,2969,14.482990906029
"13129011005",0,0,0,0,2232,0
"13129011004",11,2,1,0,2952,3.72628726287263
"13129071001",0,0,0,0,5048,0
"13129071005",0,0,0,0,2275,0
"13129021004",1,0,1,0,4595,0.217627856365615
"13129021003",0,0,0,0,2220,0
"13129061001",5,1,0,0,4938,1.01255569056298
"13129031002",8,1,3,0,4515,1.7718715393134
"13129031001",0,0,0,0,2180,0
"13129061002",6,1,0,0,4528,1.32508833922261
"13129031003",5,2,3,0,4116,1.21477162293489
"13129051001",6,1,0,0,3692,1.62513542795233
"13129051002",5,0,1,0,3756,1.33120340788072
"13129041001",0,0,0,0,897,0
"13129051004",0,0,0,0,2456,0
"13129041002",5,0,1,0,4488,1.11408199643494
"13123041011",10,1,0,1,2076,4.81695568400771
"13129041003",6,1,1,0,2477,2.42228502220428
"13123031003",53,9,8,9,2947,17.9843909060061
"13129051003",1,1,0,0,4483,0.22306491188936
"13130021001",5,1,0,0,3714,1.34625740441572
"13129011001",0,0,0,0,2393,0
"13123031008",0,0,0,0,2085,0
"13130061003",24,6,4,2,4843,4.95560602932067
"13130011002",2,1,1,0,6605,0.302800908402725
"13130021003",0,0,0,0,5626,0
"13101281001",19,11,3,0,1218,15.5993431855501
"13130051002",25,5,4,1,4331,5.77233895174325
"13130031002",8,1,1,1,5408,1.4792899408284
"13130041002",13,4,1,0,4959,2.62149626940916
"13130021002",7,1,1,1,5586,1.2531328320802
"13130041001",32,3,4,1,4754,6.73117374842238
"13130031003",0,0,0,0,3042,0
"13130071004",0,0,0,0,2894,0
"13130071002",7,1,1,0,5636,1.24201561391057
"13130041003",0,0,0,0,5696,0
"13130041004",1,1,0,0,4423,0.226090888537192
"13130031001",7,2,1,0,3633,1.92678227360308
"13101101006",10,2,0,0,1296,7.71604938271605
"13130051004",0,0,0,0,6097,0
"13130051003",0,0,0,0,4502,0
"13130061004",20,3,1,0,3050,6.55737704918033
"13130061002",5,1,0,0,4431,1.12841345068833
"13111051002",0,0,0,0,1613,0
"13130061001",12,2,1,1,4059,2.95639320029564
"13130071001",1,0,1,0,3174,0.315059861373661
"13130071003",10,0,4,2,2757,3.62713093942691
"13111041003",0,0,0,0,2218,0
"13130011001",7,2,0,0,4916,1.42392188771359
"13130051001",12,3,2,1,3692,3.25027085590466
"13111011002",0,0,0,0,4488,0
"13111021002",0,0,0,0,3741,0
"13111011001",6,0,2,0,5094,1.17785630153121
"13111051005",1,0,0,1,3238,0.308832612723904
"13111051004",0,0,0,0,4526,0
"13111051001",0,0,0,0,2928,0
"13111031002",0,0,0,0,3366,0
"13111041001",11,1,0,1,3272,3.36185819070905
"13111051003",0,0,0,0,3392,0
"13111041002",1,1,0,0,4295,0.232828870779977
"13101071002",2,1,0,1,3511,0.569638279692395
"13111031001",1,1,0,0,3621,0.276166804750069
"13111071003",1,1,0,0,5730,0.174520069808028
"13111031003",0,0,0,0,4942,0
"13111061001",0,0,0,0,5904,0
"13101091003",4,2,2,0,3210,1.24610591900312
"13111021004",0,0,0,0,2838,0
"13111021003",0,0,0,0,4212,0
"13101021008",6,5,0,1,1541,3.89357560025957
"13111021001",1,1,0,0,4747,0.210659363808721
"13111061002",0,0,0,0,3914,0
"13111061003",0,0,0,0,3015,0
"13111011003",0,0,0,0,4091,0
"13111071005",1,1,0,0,3820,0.261780104712042
"13111071002",6,1,1,0,2970,2.02020202020202
"13111081002",11,2,1,0,4051,2.71537891878549
"13111071001",13,4,1,0,4353,2.98644612910636
"13111081004",0,0,0,0,2745,0
"13111071004",11,2,1,0,5414,2.03176948651644
"13111081001",0,0,0,0,3567,0
"13101061003",16,5,1,6,2864,5.58659217877095
"13111081003",6,1,1,0,4207,1.42619443784169
"13131011001",3,3,0,0,2268,1.32275132275132
"13101101005",0,0,0,0,1805,0
"13131031003",2,2,0,0,3366,0.5941770647653
"13131011002",0,0,0,0,3986,0
"13131011004",2,2,0,0,3727,0.536624631070566
"13131021001",0,0,0,0,938,0
"13131011003",0,0,0,0,3661,0
"13131061002",0,0,0,0,3408,0
"13123031002",35,5,13,9,1858,18.8374596340151
"13131021002",3,2,1,0,3622,0.82827167310878
"13131061001",1,1,0,0,3827,0.261301280376274
"13131031001",0,0,0,0,2322,0
"13131031002",7,2,1,0,4624,1.51384083044983
"13123071001",124,57,11,14,3000,41.3333333333333
"13131051001",1,1,0,0,4090,0.244498777506112
"13131071001",0,0,0,0,4083,0
"13131071002",0,0,0,0,3173,0
"13131051002",0,0,0,0,4883,0
"13131071003",1,1,0,0,4033,0.247954376394743
"13123031001",43,15,7,9,1831,23.4844347351174
"13131051004",1,0,1,0,4721,0.211819529760644
"13131071004",0,0,0,0,2912,0
"13131051003",0,0,0,0,4753,0
"13131041001",0,0,0,0,4949,0
"13131041002",0,0,0,0,5051,0
"13131041003",0,0,0,0,4205,0
"13123071002",93,10,2,8,3211,28.962939894114
"13123081004",23,13,5,5,1922,11.9667013527575
"13123021002",27,6,5,7,2328,11.5979381443299
"13123031009",44,6,8,2,3142,14.0038192234246
"13123081002",131,54,26,31,2178,60.1469237832874
"13123031011",19,3,3,1,2863,6.63639538945162
"13123031006",25,5,0,7,1612,15.5086848635236
"13123081001",23,4,6,13,1481,15.5300472653612
"13123031010",1,0,0,1,3082,0.324464633354964
"13123031007",11,0,0,5,2733,4.02488108305891
"13123031004",7,0,0,1,3399,2.05942924389526
"13123081003",13,6,1,6,1628,7.98525798525799
"13123021005",100,38,23,10,2421,41.3052457662123
"13123041002",12,7,0,5,3357,3.57462019660411
"13123041010",27,0,3,4,2398,11.2593828190158
"13123031005",0,0,0,0,2640,0
"13101081004",0,0,0,0,2794,0
"13123021001",3,2,1,0,3589,0.835887433825578
"13123041008",0,0,0,0,3512,0
"13123011001",31,5,1,3,2142,14.4724556489262
"13123011006",56,19,3,2,2687,20.8410867138072
"13123041003",25,2,4,7,4365,5.72737686139748
"13123021003",52,11,3,4,3524,14.7559591373439
"13123051002",9,0,2,3,4045,2.22496909765142
"13123041004",13,3,0,0,3659,3.55288330144848
"13123011004",42,12,1,3,3184,13.1909547738693
"13123051001",56,9,3,6,4502,12.4389160373167
"13123021007",105,11,0,1,4579,22.9307709106792
"13123061001",20,10,3,7,2715,7.36648250460405
"13123041007",17,2,1,2,3015,5.63847429519071
"13123041012",2,2,0,0,2953,0.677277345072807
"13123011002",22,4,6,3,2654,8.28937452901281
"13123011005",86,36,1,13,2217,38.7911592241768
"13123021004",8,3,0,1,3730,2.14477211796247
"13123011003",78,13,0,4,2439,31.980319803198
"13123061003",27,12,1,5,2184,12.3626373626374
"13123071003",3,1,0,2,932,3.21888412017167
"13123061002",41,11,2,3,3318,12.3568414707655
"13101091001",1,1,0,0,3393,0.294724432655467
"13101071001",0,0,0,0,5009,0
"13101081001",0,0,0,0,3716,0
"13101021001",2,0,2,0,3448,0.580046403712297
"13101091002",6,2,0,0,3321,1.806684733514
"13101081002",9,4,1,0,5244,1.7162471395881
"13101011003",47,20,8,11,2209,21.2765957446809
"13101021003",5,4,1,0,2768,1.80635838150289
"13101071003",1,0,1,0,3368,0.296912114014252
"13101011004",33,8,4,7,1821,18.1219110378913
"13101061002",16,7,3,2,4747,3.37054982093954
"13101291001",6,0,1,1,964,6.22406639004149
"13101021005",124,53,35,36,2258,54.9158547387068
"13101031004",2,0,1,1,3903,0.51242633871381
"13101101002",8,7,0,1,1820,4.3956043956044
"13101021002",3,2,0,1,2856,1.05042016806723
"13101041004",1,1,0,0,2828,0.353606789250354
"13101041003",19,7,2,3,2729,6.96225723708318
"13101041001",19,12,2,5,2790,6.81003584229391
"13101111003",5,1,2,2,2269,2.20361392684002
"13101101003",7,5,1,1,2768,2.52890173410405
"13101041005",13,4,1,2,2550,5.09803921568628
"13101041002",18,7,3,1,2668,6.74662668665667
"13101121001",25,8,6,11,2320,10.7758620689655
"13101051001",18,7,5,2,3135,5.74162679425837
"13101111015",3,3,0,0,2747,1.09210047324354
"13101051002",4,3,1,0,4424,0.904159132007233
"13101131002",0,0,0,0,1759,0
"13101131009",5,2,1,2,3631,1.37703112090333
"13101111017",3,1,1,1,1798,1.66852057842047
"13101121009",2,1,1,0,4441,0.45034902049088
"13101111010",0,0,0,0,2560,0
"13101281002",19,6,8,5,2849,6.66900666900667
"13101271004",1,1,0,0,3814,0.262191924488726
"13101101010",0,0,0,0,2930,0
"13101111008",8,2,2,0,2552,3.13479623824451
"13101111019",8,1,2,0,2430,3.29218106995885
"13101131004",10,5,4,1,2442,4.09500409500409
"13101121007",2,2,0,0,3067,0.6521030322791
"13101271002",30,15,5,2,3472,8.64055299539171
"13101281006",8,0,0,2,2710,2.9520295202952
"13101261001",34,16,2,0,2915,11.663807890223
"13101121004",6,4,2,0,4425,1.35593220338983
"13101131005",4,3,0,1,3683,1.08607113765952
"13101141002",9,3,1,0,3048,2.95275590551181
"13101281004",5,1,3,1,1767,2.82965478211658
"13101141001",22,4,0,1,4373,5.03087125543105
"13101151001",7,6,0,1,4797,1.45924536168439
"13101151002",1,1,0,0,3915,0.255427841634738
"13101151004",12,4,3,1,2038,5.88812561334642
"13101161002",56,10,0,0,5341,10.4849279161206
"13101171001",23,5,1,0,5638,4.07946080170273
"13101231001",8,5,2,1,3535,2.26308345120226
"13101181001",14,3,0,1,4270,3.27868852459016
"13101191001",14,8,2,0,4915,2.84842319430315
"13101171003",32,6,0,0,2555,12.5244618395303
"13101191003",14,2,0,0,5562,2.5170801869831
"13101221001",19,5,4,1,11031,1.72241863838274
"13101251001",29,7,3,1,5150,5.63106796116505
"13101131001",19,7,3,9,1811,10.4914411927112
"13101241002",13,4,1,0,4827,2.69318417236379
"13101131003",5,3,1,1,3953,1.26486213002783
"13101201001",33,6,0,0,2913,11.3285272914521
"13101201003",67,13,0,0,3074,21.7957059206246
"13101211001",118,24,3,1,4152,28.4200385356455
"13101011005",39,20,6,13,1741,22.400919012062
"13101021007",33,13,4,4,2326,14.1874462596733
"13101021006",5,5,0,0,2478,2.01775625504439
"13101211002",24,7,3,1,3400,7.05882352941177
"13101201002",59,16,2,0,1962,30.0713557594292
"13101051003",36,16,0,2,2355,15.2866242038217
"13101031001",2,1,0,1,2313,0.864677907479464
"13101031002",1,0,0,1,5950,0.168067226890756
"13101241001",6,5,1,0,3419,1.75489909330214
"13101061001",13,4,3,2,3968,3.27620967741935
"13101101001",8,3,5,0,2491,3.21156162183862
"13101101004",17,5,1,0,2423,7.0160957490714
"13101101007",2,2,0,0,2965,0.674536256323777
"13101101009",0,0,0,0,1345,0
"13101111016",0,0,0,0,2452,0
"13101111011",10,4,0,0,1550,6.45161290322581
"13101111012",4,2,2,0,4104,0.974658869395711
"13101111004",3,2,0,1,1996,1.50300601202405
"13101121008",2,1,1,0,4682,0.427167876975651
"13101131007",12,7,2,3,2952,4.0650406504065
"13101151003",8,3,1,0,3644,2.1953896816685
"13101161003",14,5,1,0,5331,2.62614894016132
"13101191002",35,3,0,0,4779,7.32370788867964
"13101281005",11,4,1,1,3240,3.39506172839506
"13101281003",16,5,1,1,3352,4.77326968973747
"13101111013",8,4,0,0,3191,2.50705108116578
"13101011002",9,1,1,7,2282,3.94390885188431
"13101011001",45,14,3,20,2174,20.6991720331187
"13101081003",1,1,0,0,3326,0.300661455201443
"13101101008",1,1,0,0,1624,0.61576354679803
"13101111002",8,3,4,1,2594,3.0840400925212
"13101111001",9,2,3,4,2555,3.52250489236791
"13132041003",3,2,0,1,2052,1.46198830409357
