"cand_geocodigo","demanda_cubierta","n_zonas_cubiertas"
"13123041008",38.3691556082189,3
"13123041006",36.0836215032128,3
"13123031008",28.0353838077884,3
"13114011008",27.6400758880045,3
"13123031005",26.5129474384998,3
"13114141001",25.8430015702012,2
"13114141002",25.8430015702012,2
"13120081001",25.2672551987254,3
"13126031003",23.5197585623264,3
"13119071009",23.4190152361153,3
"13120091001",22.1461427389307,2
"13119071013",22.0257634042469,3
"13114101003",21.7499636463686,2
"13113071003",21.3703008333963,2
"13113071006",21.3703008333963,2
"13101071001",21.348493786501,3
"13124061010",20.6544948456318,3
"13124061024",20.4914024899882,3
"13114011009",20.3149863926003,2
"13115011010",19.3585474527589,1
"13110111007",19.3067968291308,3
"13120071003",19.1270801822572,2
"13131041001",19.0666444099134,3
"13101081001",19.0218504274323,3
"13114121002",18.9599263058749,2
"13120061002",18.7527114178353,2
"13120061005",18.7527114178353,2
"13122111001",18.3146318297648,2
"13122111004",18.3146318297648,2
"13114121007",17.6193749158954,2
"13120091003",17.3817835481215,2
"13119071002",16.7732039981034,2
"13120061004",16.1374028663813,2
"13115041004",15.84528562197,1
"13132041007",15.7321258591688,1
"13120081002",15.6918513087243,2
"13119071005",15.5239215221949,2
"13119171001",15.3938846845538,2
"13112081001",15.3690596902054,3
"13127041002",15.240318101126,2
"13119071007",15.1725124490458,2
"13122071004",15.0925143372543,3
"13119071001",14.9604285590837,2
"13110111005",14.7762775232582,2
"13119071008",14.726671862848,2
"13119181004",14.726671862848,2
"13124061017",14.7232876449315,2
"13102031001",14.5495289624292,2
"13119021008",14.5495289624292,2
"13110141007",14.4284383367184,3
"13112031002",14.364951309003,2
"13119071003",14.243677894467,2
"13110051001",13.7465357730067,2
"13131041002",13.5870052090882,2
"13124061018",13.479557711344,2
"13115021005",13.4524694561354,1
"13114121006",13.2205661379888,2
"13124061009",12.841828842336,2
"13127041001",12.7322203385494,2
"13115041005",12.7237050088029,1
"13125021008",12.5204625134475,2
"13125021020",12.5204625134475,2
"13105071004",12.4125138079098,2
"13110061002",12.3155735749147,2
"13113071005",12.0996469409795,1
"13125011007",12.0759253541578,1
"13115021002",12.0068096892771,1
"13130051004",11.8587301868612,1
"13106061002",11.7937579199385,2
"13114071002",11.7936354856435,1
"13119191003",11.7435648850589,2
"13115011007",11.5605304837444,1
"13105041002",11.5174912675991,2
"13122071003",11.4155455833662,2
"13105021002",11.308968618268,2
"13124021001",11.1713599391884,1
"13130041003",11.0787808995181,1
"13114081004",11.0184795485611,1
"13114071003",11.0104329471381,1
"13130021003",10.942630151104,1
"13129071003",10.9281370310502,1
"13119141002",10.7760288907059,2
"13106041002",10.6587863369806,1
"13124091001",10.6557831172293,1
"13112051009",10.5108112544794,2
"13122021002",10.441736506994,2
"13120091002",10.4375066080711,1
"13114021004",10.4203488427848,1
"13114081002",10.3801158356698,1
"13114021001",10.3291540266575,1
"13107041003",10.2985895243543,1
"13112021004",10.2838642879002,2
"13101171002",10.268067189667,2
"13129071001",10.2271478926105,1
"13115011011",10.114870716886,1
"13106071003",9.95719983421312,1
"13122031005",9.93193677108756,1
"13122031003",9.82203982202988,1
"13105011005",9.55006653072849,1
"13107031002",9.41253316189225,1
"13122051002",9.36871490716696,1
"13110071005",9.3348328229324,1
"13129021002",9.28911907440952,1
"13119071006",9.27131691228809,1
"13129011003",9.2080798676535,1
"13114111001",9.19458322601451,1
"13122031009",9.13823658344878,1
"13106141002",9.0708918218563,1
"13124071002",8.898062751904,1
"13122111005",8.85738882474583,1
"13130051003",8.75643813371319,1
"13119191006",8.72949675545042,1
"13121061001",8.69732621634485,1
"13121011003",8.65231501222019,1
"13119051005",8.65209387590218,1
"13105101002",8.65098186088534,1
"13107021002",8.63783907449371,1
"13125021004",8.61707916881371,1
"13114141004",8.55621951312319,1
"13106141001",8.4190380332091,1
"13124051001",8.3745539788378,2
"13113051004",8.35596231496557,1
"13119071010",8.2774639388887,1
"13119191004",8.14587904365669,1
"13113011003",8.12546974239828,1
"13119161003",8.11182177665547,1
"13124061013",8.09534929986916,1
"13119181005",7.97094853587767,1
"13119021009",7.93998738405838,1
"13110171001",7.86254319673664,1
"13119051006",7.82233500714505,1
"13113051001",7.80278014080409,1
"13120041004",7.77737926087644,1
"13125021014",7.70397581459704,1
"13102011004",7.67177034794871,1
"13108031005",7.66837323612156,1
"13122031011",7.60731102921475,1
"13127091002",7.60379172520124,1
"13129061003",7.46168496206113,1
"13110081002",7.40449753525352,1
"13122111003",7.39056982412878,1
"13122031004",7.34020038914401,1
"13114111005",7.29826749066088,1
"13125011002",7.25409886961018,1
"13122031006",7.2043555493366,1
"13119121001",7.20156391316818,1
"13116021001",7.18833417271775,1
"13129031004",7.16994381773943,1
"13127061006",7.16888850844619,1
"13105061004",7.14528584753356,1
"13110131002",7.13414727640821,1
"13119071012",7.11642074566511,1
"13109041002",7.06330129149057,1
"13121061002",7.03336363805917,1
"13110081003",7.01533092060996,1
"13128071010",7.00942375453186,1
"13105061005",6.99498705483388,1
"13112021001",6.9891748951767,1
"13126061001",6.98207219510464,1
"13122081003",6.96929818607435,1
"13111061001",6.95782264304,1
"13125041013",6.93771656705265,1
"13119161001",6.91672131643065,1
"13119201007",6.9058849132939,1
"13125021001",6.90167301359673,1
"13119201006",6.88730822220232,1
"13119191005",6.86873153111075,1
"13110131001",6.83280144648511,1
"13127091001",6.78386666422218,1
"13110091005",6.75875647113257,1
"13122031001",6.75560967401776,1
"13103091003",6.72906811442036,1
"13122061003",6.71592466463582,1
"13105081005",6.71199203074169,1
"13127111002",6.68722150494328,1
"13118051005",6.65961487945424,1
"13125041009",6.63601867516235,1
"13131051002",6.63453464359775,1
"13121011002",6.62826280093727,1
"13112081004",6.62500418136345,1
"13119051009",6.61485008619252,1
"13119051007",6.6071097982377,1
"13128071004",6.59361913886439,1
"13110081004",6.58483687786266,1
"13127121003",6.57342962385683,1
"13112031004",6.55771176685448,1
"13110171006",6.53834352124595,1
"13109061001",6.53524927449985,1
"13121021002",6.4946811628899,1
"13126021001",6.46476761791497,1
"13102041006",6.45856651506754,1
"13131051003",6.4579035758796,1
"13112061002",6.44951611999692,1
"13119191001",6.44765986636833,1
"13107031001",6.4331888174387,1
"13116021002",6.39849629627531,1
"13119191010",6.39347785068456,1
"13118061002",6.37861847103845,1
"13119051002",6.37644921718394,1
"13119191008",6.34394000777368,1
"13110091002",6.3403162615822,1
"13116071003",6.33604937778645,1
"13119071015",6.32691137427307,1
"13116071004",6.32679798245476,1
"13119071014",6.30988274077246,1
"13105061003",6.29359268890203,1
"13112061001",6.27138914041435,1
"13122021004",6.23817820553786,1
"13104051006",6.23815010259213,1
"13107041001",6.23628740355824,1
"13125021018",6.21951539078282,1
"13110211004",6.17328457299625,1
"13119201003",6.12721194503862,1
"13121041003",6.12007178662663,1
"13106121001",6.11712383678737,1
"13119191007",6.0838663324916,1
"13108021003",6.04731064564299,1
"13114161002",6.0349510672499,1
"13110071001",6.02691659846217,1
"13112041001",6.02333082810678,1
"13127051001",6.02005814734055,1
"13112081002",6.00090002327046,1
"13112081009",6.00090002327046,1
"13116011004",5.98218350634957,1
"13110191001",5.96836940864853,1
"13122051004",5.93748794214394,1
"13110161004",5.93048593288677,1
